股票代號,公司名稱,終止上櫃日期
6404,中國通訊多媒體集團有限公司,2024-07-02,本中心證券商營業處所買賣有價證券業務規則第12條之2
5383,金利精密工業股份有限公司,2024-05-31,本中心證券商營業處所買賣有價證券業務規則第15條之12
3089,億杰科技股份有限公司,2024-03-04,本中心證券商營業處所買賣有價證券業務規則第12條之2
8418,捷必勝控股股份有限公司,2024-01-31,本中心證券商營業處所買賣有價證券業務規則第15條之7
6446,藥華醫藥股份有限公司,2024-01-25,本中心證券商營業處所買賣有價證券業務規則第12條之2第1項第1款
4736,泰博科技股份有限公司,2023-12-22,本中心證券商營業處所買賣有價證券業務規則第12條之2第1項第1款
6472,保瑞藥業股份有限公司,2023-12-19,本中心證券商營業處所買賣有價證券業務規則第12條之2第1項第1款
4944,兆遠科技股份有限公司,2023-11-01,本中心證券商營業處所買賣有價證券業務規則第15條之12
8476,台境企業股份有限公司,2023-10-31,本中心證券商營業處所買賣有價證券業務規則第12條之2第1項第1款
5281,大峽谷半導體照明系統(開曼)股份有限公司,2023-10-31,本中心證券商營業處所買賣有價證券業務規則第15條之7
3642,駿熠電子科技股份有限公司,2023-06-27,本中心證券商營業處所買賣有價證券業務規則第12條之2
1258,其祥生物科技控股有限公司,2023-06-09,本中心證券商營業處所買賣有價證券業務規則第15條之7
6594,展匯科技股份有限公司,2023-04-01,本中心證券商營業處所買賣有價證券業務規則第15條之12
6247,淇譽電子科技股份有限公司,2023-02-10,本中心證券商營業處所買賣有價證券業務規則第15條之18
5820,日盛金融控股股份有限公司,2022-11-11,本中心證券商營業處所買賣有價證券業務規則第12條之2
3652,精聯電子股份有限公司,2022-09-21,本中心證券商營業處所買賣有價證券業務規則第12條之2第1項第1款
5102,富強輪胎工廠股份有限公司,2022-07-15,本中心證券商營業處所買賣有價證券業務規則第15條之18
4429,聚紡股份有限公司,2022-05-31,本中心證券商營業處所買賣有價證券業務規則第15條之12
8406,金可國際股份有限公司,2022-04-29,本中心證券商營業處所買賣有價證券業務規則第15條之7
5306,桂盟國際股份有限公司,2022-03-08,本中心證券商營業處所買賣有價證券業務規則第12條之2第1項第1款
1752,南光化學製藥股份有限公司,2022-01-19,本中心證券商營業處所買賣有價證券業務規則第12條之2第1項第1款
4803,威馳克媒體集團股份有限公司,2021-12-27,本中心證券商營業處所買賣有價證券業務規則第12條之2
3144,新揚科技股份有限公司,2021-12-20,本中心證券商營業處所買賣有價證券業務規則第15條之18
2928,紅馬集團股份有限公司,2021-10-22,本中心證券商營業處所買賣有價證券業務規則第15條之7規定
4152,台灣微脂體股份有限公司,2021-10-08,本中心證券商營業處所買賣有價證券業務規則第15條之18
911613,特藝石油能源有限公司,2021-09-03,本中心證券商營業處所買賣有價證券業務規則第12條之6。
3092,鴻碩精密電工股份有限公司,2021-05-13,本中心證券商營業處所買賣有價證券業務規則第12條之2第1項第1款
6426,統新光訊股份有限公司,2021-03-24,本中心證券商營業處所買賣有價證券業務規則第12條之2第1項第1款
6438,迅得機械股份有限公司,2021-01-19,本中心證券商營業處所買賣有價證券業務規則第12條之2第1項第1款
1597,直得科技股份有限公司,2020-12-23,本中心證券商營業處所買賣有價證券業務規則第12條之2第1項第1款
5304,鼎創達股份有限公司,2020-11-20,本中心證券商營業處所買賣有價證券管理辦法第10條
8934,衡平股份有限公司,2020-11-18,本中心證券商營業處所買賣有價證券業務規則第12條之2及第15條之11
1333,恩得利工業股份有限公司,2020-11-17,本中心證券商營業處所買賣有價證券業務規則第12條之2
5349,先豐通訊股份有限公司,2020-11-04,本中心證券商營業處所買賣有價證券業務規則第15條之18
6497,亞獅康股份有限公司,2020-08-25,本中心證券商營業處所買賣有價證券業務規則第12條之2。
6238,勝麗國際股份有限公司,2020-06-19,本中心證券商營業處所買賣有價證券業務規則第15條之18
4947,昂寶電子股份有限公司,2020-05-28,本中心證券商營業處所買賣有價證券業務規則第15條之18
8287,英格爾科技股份有限公司,2020-05-11,本中心證券商營業處所買賣有價證券業務規則第12條之2
3562,頂晶科技股份有限公司,2020-02-27,依本中心證券商營業處所買賣有價證券業務規則第15條之12、14、15及16規定
8913,全銓租賃股份有限公司,2020-01-20,本中心證券商營業處所買賣有價證券業務規則第15條之18
3452,益通光能科技股份有限公司,2020-01-13,本中心證券商營業處所買賣有價證券業務規則第12條之2
1795,美時化學製藥股份有限公司,2019-12-16,本中心證券商營業處所買賣有價證券業務規則第12條之2第1項第1款
4415,台原藥股份有限公司,2019-12-16,本中心證券商營業處所買賣有價證券業務規則第13條之1第2項
1787,福盈科技化學股份有限公司,2019-11-29,本中心證券商營業處所買賣有價證券業務規則第15條之18
5317,凱美電機股份有限公司,2019-09-30,本中心證券商營業處所買賣有價證券業務規則第12條之2
2233,宇隆科技股份有限公司,2019-09-17,本中心證券商營業處所買賣有價證券業務規則第12條之2第1項第1款
3431,長天科技股份有限公司,2019-09-02,本中心證券商營業處所買賣有價證券業務規則第12條之2第1項第12款第1目
4180,安成國際藥業股份有限公司,2019-08-05,本中心證券商營業處所買賣有價證券業務規則第15條之18
1566,捷邦國際科技股份有限公司,2019-07-31,本中心證券商營業處所買賣有價證券業務規則第15條之12
3563,牧德科技股份有限公司,2019-04-02,本中心證券商營業處所買賣有價證券業務規則第12條之2第1項第1款
5480,統盟電子股份有限公司,2019-03-29,本中心證券商營業處所買賣有價證券業務規則第15條之18
8462,柏文健康事業股份有限公司,2019-03-15,本中心證券商營業處所買賣有價證券業務規則第12條之2第1項第1款
5255,美桀科技股份有限公司,2018-11-30,本中心證券商營業處所買賣有價證券業務規則第15條之18
3299,帛漢股份有限公司,2018-11-29,本中心證券商營業處所買賣有價證券業務規則第15條之12
4103,百略醫學科技股份有限公司,2018-11-13,本中心證券商營業處所買賣有價證券業務規則第15條之18
3428,光燿科技股份有限公司,2018-10-01,本中心證券商營業處所買賣有價證券業務規則第15條之18
6298,崴強科技股份有限公司,2018-10-01,本中心證券商營業處所買賣有價證券業務規則第15條之18
6107,華美電子股份有限公司,2018-06-27,本中心證券商營業處所買賣有價證券業務規則第12條之2
4965,商店街市集國際資訊股份有限公司,2018-06-22,本中心證券商營業處所買賣有價證券管理辦法第10條
3068,美磊科技股份有限公司,2018-06-13,本中心證券商營業處所買賣有價證券業務規則第15條之18
6554,中美冠科生物技術股份有限公司,2018-05-31,本中心證券商營業處所買賣有價證券業務規則第15條之18
5491,連展科技股份有限公司,2017-12-29,依企業併購法轉換為連展投控(3710)之子公司
3662,樂陞科技股份有限公司,2017-10-19,依本中心業務規則第12條之2
6105,瑞傳科技股份有限公司,2017-10-17,依本中心業務規則第15條之18
6024,群益期貨股份有限公司,2017-10-16,依本中心業務規則第12條之2第1項第1款
3553,力積電子股份有限公司,2017-10-01,依本中心業務規則第15條之18
4739,康普材料科技股份有限公司,2017-09-08,依據本中心業務規則第12條之2第1項第1款
5384,捷元股份有限公司,2017-09-01,依本中心業務規則第15條之12、14、15及16規定
6022,大眾綜合證券股份有限公司,2017-08-28,依本中心業務規則第15條之7
4762,三汰控股(開曼)股份有限公司,2017-08-01,經該公司股東會決議向本中心申請終止有價證券櫃檯買賣
5284,經寶精密控股股份有限公司,2017-03-09,依據本中心業務規則第12條之2第1項第1款
5395,圓方創新股份有限公司,2017-02-18,依本中心業務規則第12條之2第1項第12款第1目
2636,台驊國際投資控股股份有限公司,2016-12-22,依本中心業務規則第12條之2第1項第1款
3658,漢民微測科技股份有限公司,2016-11-22,依本中心業務規則第15條之18
8266,中日新科技股份有限公司,2016-11-15,依業務規則第15條之18
3291,遠翔科技股份有限公司,2016-10-06,依本中心業務規則第15條之12
8082,漢承泰企業股份有限公司,2016-09-26,依本中心業務規則第12條之2第1項第7款
8079,誠遠科技股份有限公司,2016-09-01,依本中心業務規則第15條之18
8925,偉盟工業股份有限公司,2016-06-27,依本中心業務規則第12條之2第1項第5款、第12款第1目
6250,宇加科技股份有限公司,2016-05-25,依本中心業務規則第12條之1及第12條之2
3528,安馳科技股份有限公司,2016-05-18,依本中心業務規則第12條之2第1項第1款
8053,巨擘科技股份有限公司,2016-05-11,符合本中心業務規則第12條之2第1項第4款
3126,信億科技股份有限公司,2016-04-06,依本中心業務規則第12條之2第1項第12款第1目
4703,揚華科技股份有限公司,2016-03-30,符合本中心業務規則第12條之2第1項第12款第1目
6135,佳營電子股份有限公司,2016-03-30,符合本中心業務規則第12條之2第1項第12款第1目
5266,"Auto Server Co., Ltd.",2016-03-24,經該公司股東臨時會決議向本中心申請終止有價證券櫃檯買賣
1256,鮮活控股股份有限公司,2016-03-17,依本中心業務規則第12條之2第1項第1款
6211,福登精密工業股份有限公司,2016-01-04,經該公司董事會決議向本中心申請終止櫃檯買賣
5506,長鴻營造股份有限公司,2015-11-26,依本中心業務規則第12條之2第1項第5款
4927,泰鼎國際股份有限公司,2015-09-08,依本中心業務規則第12條之2第1項第1款
5505,和旺聯合實業股份有限公司,2015-07-16,本中心業務規則第12條之2第1項第5款
4720,德淵企業股份有限公司,2015-06-24,本中心業務規則第12條之2第1項第1款
5466,泰林科技股份有限公司,2015-06-17,本中心業務規則第12條之2第1項第9款
4912,聯德控股股份有限公司,2015-05-21,依本中心業務規則第12條之2第1項第1款
3416,融程電訊股份有限公司,2015-01-23,依本中心業務規則第12條之2第1項第1款
3582,凌耀科技股份有限公司,2014-12-31,依本中心業務規則第12條之2及第15條之7
5261,創傑科技股份有限公司,2014-12-25,經該公司股東臨時會決議向本中心申請終止有價證券櫃檯買賣
3266,昇陽建設企業股份有限公司,2014-12-24,依本中心業務規則第12條之2第1項第1款
1558,伸興工業股份有限公司,2014-12-23,依本中心業務規則第12條之2第1項第1款
8996,高力熱處理工業股份有限公司,2014-02-14,依本中心業務規則第12條之2第1項第1款
5519,隆大營建事業股份有限公司,2014-02-10,依本中心業務規則第12條之2第1項第1款
5467,聯福生科技股份有限公司,2013-12-25,依本中心業務規則第12條之2第1項第4款規定
4994,傳奇網路遊戲股份有限公司,2013-12-25,依本中心業務規則第12條之2第1項第1款
9946,三發地產股份有限公司,2013-09-17,依本中心業務規則第12條之2第1項第1款
6177,達麗建設事業股份有限公司,2013-08-01,依本中心業務規則第12條之2第1項第1款
3087,翔準先進光罩股份有限公司,2013-04-30,經該公司董事會決議向本中心申請終止有價證券櫃檯買賣
4801,高盛電子科技股份有限公司,2013-04-30,依本中心業務規則第13條之1第1項第10款
3069,台灣金屬礦業股份有限公司,2013-04-29,依本中心業務規則第12條之2第1項第12款、第12條之2第1項第6款、第12條之2第1項之補充規定第1條第1項第4款
6008,凱基證券股份有限公司,2013-01-18,依本中心業務規則第15條之34規定
8705,東隆五金工業股份有限公司,2013-01-01,依本中心業務規則第15條之7規定
5521,工信工程股份有限公司,2012-12-18,依本中心業務規則第12條之2第1項第1款
5346,力晶科技股份有限公司,2012-12-11,依本中心業務規則第12條之2第1項第4款規定
8114,振樺電子股份有限公司,2012-11-26,依本中心業務規則第12條之2第1項第1款
2341,英群企業股份有限公司,2012-11-13,依本中心業務規則第13條之1第1項第10款之規定
5318,佳鼎科技股份有限公司,2012-11-06,依本中心業務規則第13條之1第1項第10款之規定
2381,華宇光能股份有限公司,2012-10-15,依本中心業務規則第13條之1第1項第10款之規定
4722,國精化學股份有限公司,2012-08-15,依本中心業務規則第12條之2第1項第1款
1107,建台水泥股份有限公司,2012-06-07,依本中心業務規則第13條之1第1項第10款之規定
4408,聯明行動科技股份有限公司,2012-04-30,依本中心業務規則第12條之2第1項第12款、第7款之規定
5387,茂德科技股份有限公司,2012-03-26,依本中心業務規則第12條之2第1項第4款、第5款規定
3389,志遠電子股份有限公司,2012-02-01,依本中心業務規則第12條之2及第15條之18規定
4426,利勤實業股份有限公司,2011-12-16,依本中心業務規則第12條之2第1項第1款
6183,關貿網路股份有限公司,2011-12-01,依本中心業務規則第12條之2第1項第1款
8210,勤誠興業股份有限公司,2011-12-01,依本中心業務規則第12條之2第1項第1款
5706,鳳凰國際旅行社股份有限公司,2011-10-21,依本中心業務規則第12條之2第1項第1款
5007,三星科技股份有限公司,2011-09-16,依本中心業務規則第12條之2第1項第1款
5204,得捷股份有限公司,2011-08-05,依本中心業務規則第13條之1第1項第10款規定
3454,晶睿通訊股份有限公司,2011-07-22,依本中心業務規則第12條之2第1項第1款
2396,精碟科技股份有限公司,2011-05-16,依本中心業務規則第13條之1第1項第10款規定
4733,上緯企業股份有限公司,2010-12-30,依本中心業務規則第12條之2第1項第1款
6214,精誠資訊股份有限公司,2010-12-30,依本中心業務規則第12條之2第1項第1款
2114,鑫永銓股份有限公司,2010-12-29,依本中心業務規則第12條之2第1項第1款
3312,弘憶國際股份有限公司,2010-12-29,依本中心業務規則第12條之2第1項第1款
2231,為升電裝工業股份有限公司,2010-11-19,依本中心業務規則第12條之2第1項第1款
6230,超眾科技股份有限公司,2010-09-16,依本中心業務規則第12條之2第1項第1款
6278,台灣表面黏著科技股份有限公司,2010-08-24,依本中心業務規則第12條之2第1項第1款
3099,頂倫企業股份有限公司,2010-04-12,依本中心業務規則第12條之2第1項第12款規定
3164,景岳生物科技股份有限公司,2010-03-22,依本中心業務規則第12條之2第1項第1款
3229,晟鈦股份有限公司,2009-12-31,依本中心業務規則第12條之2第1項第1款
2921,特力和樂股份有限公司,2009-12-31,依本中心業務規則第15條之18
1582,信錦企業股份有限公司,2009-12-17,依本中心業務規則第12條之2第1項第1款
6243,迅杰科技股份有限公司,2009-12-17,依本中心業務規則第12條之2第1項第1款
8039,台虹科技股份有限公司,2009-12-17,依本中心業務規則第12條之2第1項第1款
8261,富鼎先進電子股份有限公司,2009-12-11,依本中心業務規則第12條之2第1項第1款
6152,百一電子股份有限公司,2009-12-08,依本中心業務規則第12條之2第1項第1款
5492,亞智科技股份有限公司,2009-10-30,依本中心上櫃公司申請終止有價證券櫃檯買賣處理程序之規定
8103,瀚荃股份有限公司,2009-09-29,依本中心業務規則第12條之2第1項第1款
6224,聚鼎科技股份有限公司,2009-09-17,依本中心業務規則第12條之2第1項第1款
5318,佳鼎科技股份有限公司,2009-09-08,依本中心業務規則第12條之2第1項第4款規定
5207,飛雅高科技股份有限公司,2009-06-29,依本中心業務規則第13條之1第1項第10款規定
8940,新天地國際實業股份有限公司,2009-05-15,依本中心業務規則第12條之2第1項第1款
6402,基泰營造股份有限公司,2009-05-11,依本中心業務規則第12條之2第1項第5款規定
6149,禾鴻科技股份有限公司,2009-05-03,依本中心業務規則第12條之2第1項第12款規定
2410,鼎大科技股份有限公司,2009-04-20,依本中心業務規則第13條之1第1項第10款規定
2479,和立聯合科技股份有限公司,2009-03-16,依本中心業務規則第13條之1第1項第11款規定
6159,詮鼎科技股份有限公司,2009-02-06,依本中心業務規則第12條之2第1項第17款規定
8081,致新科技股份有限公司,2008-12-30,依本中心業務規則第12條之2第1項第1款
6108,競國實業股份有限公司,2008-12-30,依本中心業務規則第12條之2第1項第1款
8374,羅昇企業股份有限公司,2008-12-25,依本中心業務規則第12條之2第1項第1款
3053,鼎營科技股份有限公司,2008-12-09,依本中心業務規則第13條之1第1項第11款規定
3369,鐵研科技股份有限公司,2008-12-01,依本中心業務規則第12條之2第1項第5款規定
3209,全科科技股份有限公司,2008-11-26,依本中心業務規則第12條之2第1項第1款
6226,光鼎電子股份有限公司,2008-11-10,依本中心業務規則第12條之2第1項第1款
6110,艾群科技股份有限公司,2008-10-21,依本中心業務規則第12條之2第1項第4款規定
6164,華興電子工業股份有限公司,2008-10-21,依本中心業務規則第12條之2第1項第1款
5605,遠東航空股份有限公司,2008-10-20,依本中心業務規則第12條之2第1項第12款規定
3298,圓創科技股份有限公司,2008-10-01,與上櫃公司致新科技股份有限公司合併，並為消滅公司，核有本中心業務規則第16條第1項規定之情事
3142,遠茂光電股份有限公司,2008-09-29,依本中心業務規則第13條之1第1項第11款規定
1807,羅馬磁磚工業股份有限公司,2008-09-16,依本中心業務規則第13條之1第1項第10款規定
6232,仕欽科技企業股份有限公司,2008-09-03,依本中心業務規則第12條之2第1項第5款規定
5501,金腦科技股份有限公司,2008-08-28,依本中心業務規則第13條之1第1項第10款規定
2326,亞瑟科技股份有限公司,2008-07-31,依本中心業務規則第13條之1第1項第10款規定
4108,懷特新藥科技股份有限公司,2008-07-16,依本中心業務規則第12條之2第1項第1款
3305,昇貿科技股份有限公司,2008-07-10,依本中心業務規則第12條之2第1項第1款
2059,川湖科技股份有限公司,2008-06-25,依本中心業務規則第12條之2第1項第1款
3079,宏億國際股份有限公司,2008-06-04,依本中心業務規則第12條之2第1項第5款規定
3080,威力盟電子股份有限公司,2008-06-02,依本中心業務規則第12條之2第1項第1款
5533,皇鼎建設開發股份有限公司,2008-04-30,依本中心業務規則第12條之2第1項第1款
5204,得捷股份有限公司,2008-04-29,依本中心業務規則第12條之2第1項第4款規定
5414,磐英科技股份有限公司,2008-04-28,依本中心業務規則第13條之1第1項第7款規定
5017,新泰伸科技股份有限公司,2008-04-10,依本中心業務規則第12條之2第1項第5款、第12款規定
9955,佳龍科技工程股份有限公司,2008-01-21,依本中心業務規則第12條之2第1項第1款
3419,譁裕實業股份有限公司,2008-01-21,依本中心業務規則第12條之2第1項第1款
6213,聯茂電子股份有限公司,2008-01-21,依本中心業務規則第12條之2第1項第1款
6153,嘉聯益科技股份有限公司,2008-01-21,依本中心業務規則第12條之2第1項第1款
6205,詮欣股份有限公司,2008-01-21,依本中心業務規則第12條之2第1項第1款
6283,淳安電子股份有限公司,2008-01-21,依本中心業務規則第12條之2第1項第1款
8021,尖點科技股份有限公司,2008-01-21,依本中心業務規則第12條之2第1項第1款
4306,炎洲股份有限公司,2008-01-21,依本中心業務規則第12條之2第1項第1款
5414,磐英科技股份有限公司,2008-01-01,依本中心業務規則第12條之2第1項第12款規定
3090,日電貿股份有限公司,2007-12-31,依本中心業務規則第12條之2第1項第1款
3296,勝德國際研發股份有限公司,2007-12-31,依本中心業務規則第12條之2第1項第1款
3376,新日興股份有限公司,2007-12-31,依本中心業務規則第12條之2第1項第1款
4104,東貿國際股份有限公司,2007-12-31,依本中心業務規則第12條之2第1項第1款
6215,和椿科技股份有限公司,2007-12-31,依本中心業務規則第12條之2第1項第1款
8070,長華電材股份有限公司,2007-12-31,依本中心業務規則第12條之2第1項第1款
8112,至上電子股份有限公司,2007-12-31,依本中心業務規則第12條之2第1項第1款
5388,中磊電子股份有限公司,2007-12-03,依本中心業務規則第12條之2第1項第1款
5818,華僑商業銀行股份有限公司,2007-12-01,因與花旗(台灣)商業銀行股份有限公司合併，並為消滅公司，核有本中心業務規則第12條之2第1項第19款規定之情事
8110,華東科技股份有限公司,2007-10-31,依本中心業務規則第12條之2第1項第1款
4801,碼斯特科技股份有限公司,2007-10-24,依本中心業務規則第12條之2第1項第6款規定
6191,精成科技股份有限公司,2007-10-19,依本中心業務規則第12條之2第1項第1款
5810,寶華商業銀行股份有限公司,2007-09-10,依本中心業務規則第12條之2第1項第18款規定
2628,正利航業股份有限公司,2007-08-30,該公司董事台灣達航投資股份有限公司承諾自96年8月30日起，迄96年10月18日止，以每股新台幣21.89元，收購該公司流通在外普通股股票。
8017,展茂光電股份有限公司,2007-08-29,依本中心業務規則第12條之2第1項第7款規定
5522,遠雄建設事業股份有限公司,2007-08-06,依本中心業務規則第12條之2第1項第1款
1462,東雲股份有限公司,2007-08-02,依本中心業務規則第13條之1第1項第10款規定
5376,東正元電路工業股份有限公司,2007-08-01,依本中心業務規則第13條之1第1項第10款規定
8033,雷虎科技股份有限公司,2007-06-21,依本中心業務規則第12條之2第1項第1款
5207,飛雅高科技股份有限公司,2007-05-29,依本中心業務規則第12條之2第1項第12款規定
2407,欣煜科技(原名稱:陞技)股份有限公司,2007-05-16,依本中心業務規則第13條之1第1項第7款規定
6176,瑞儀光電股份有限公司,2007-05-15,依本中心業務規則第12條之2第1項第1款
2811,台東區中小企業銀行股份有限公司,2007-03-08,
5532,竟誠建築股份有限公司,2007-02-18,
6262,鼎太國際股份有限公司,2007-01-09,另依本中心業務規則第12條之2第1項第12款規定
8105,凌巨科技股份有限公司,2006-12-27,依本中心業務規則第12條之2第1項第1款
5901,中友百貨,2006-12-26,依本中心業務規則第12條之2第1項第3款規定
6137,新寶科,2006-12-25,依本中心業務規則第12條之2第1項第4款規定
1408,中興紡織廠股份有限公司,2006-11-17,依本中心業務規則第13條之1第1項第11款規定
6178,振遠科技,2006-10-01,
6120,輔祥實業,2006-09-13,依本中心業務規則第12條之2第1項第1款
5307,耀文,2006-09-11,依本中心業務規則第13條之1第1項第9款規定
1224,惠勝,2006-09-04,依本中心業務規則第13條之1第1項第9款規定
6155,鈞寶電子,2006-08-18,依本中心業務規則第12條之2第1項第1款
4404,百成行,2006-08-15,依本中心業務規則第13條之1第1項第9款規定
1458,嘉新畜產,2006-06-21,依本中心業務規則第13條之1第1項第9款規定
5494,德鑫科技,2006-06-19,
6162,鴻源科技,2006-02-27,依本中心業務規則第12條之2第1項第12款規定(轉列管理股票)
5442,世峰,2005-12-07,
4910,陽慶電子,2005-12-01,股份轉換
6005,群益證券,2005-11-21,依本中心業務規則第12條之2第1項第1款
5336,華特,2005-11-17,主動申請下櫃
5473,矽成,2005-11-11,主動申請下櫃
5325,大騰電子,2005-10-31,依本中心業務規則第12條之2第1項第3款及第14款規定
4904,遠傳電信,2005-08-24,依本中心業務規則第12條之2第1項第1款
8072,陞泰科技,2005-08-19,依本中心業務規則第12條之2第1項第1款
5497,佰鈺科技,2005-07-18,
6181,宇詮科技,2005-06-28,依本中心業務規則第12條之2第1項第4款規定
5376,東正元電路,2005-06-28,依本中心業務規則第12條之2第1項第4款規定(轉列管理股票)
5436,立生半導體,2005-06-01,
5524,捷力科技,2005-04-25,
5528,廣大興業,2005-03-21,
5006,高鋁金屬,2005-03-10,
6184,大豐有線,2005-02-15,
5531,鄉林建設事業,2005-01-31,
6193,洪氏英,2005-01-29,
1407,華隆,2005-01-26,依本中心業務規則第13條之1第1項第10款規定
8725,三采建設實業,2005-01-03,依本中心業務規則第13條之1第1項第9款規定
5385,瑩寶科技,2004-12-29,依本中心業務規則第12條第1項第4款規定
5607,遠翔空運倉儲,2004-12-02,
5525,順天建設,2004-11-26,
8724,立大農畜興業,2004-11-16,依本中心業務規則第13條之1第1項第9款規定
4106,雃博,2004-11-08,
6197,佳必琪國際,2004-11-08,
6166,凌華科技,2004-11-08,
6209,今國光學科技,2004-11-08,
6239,力成科技,2004-11-08,
8008,建興電子科技,2004-11-05,
8722,尚德興業,2004-11-01,依本中心業務規則第13條之1第1項第9款規定
6017,亞洲證券,2004-10-24,
5203,訊連科技,2004-09-27,
6192,巨路國際,2004-09-27,
6202,盛群半導體,2004-09-27,
6131,悠克電子,2004-09-27,
6201,亞弘電科技,2004-09-27,
6216,居易科技,2004-09-27,
6225,天瀚科技,2004-09-27,
4110,博登,2004-09-24,
4414,如興製衣,2004-09-06,
6116,瀚宇彩晶,2004-09-06,
6235,華孚科技,2004-08-23,
6206,飛捷科技,2004-08-03,
6401,助群營造,2004-08-03,轉列興櫃股票。
6502,國隆纖維,2004-08-03,轉列興櫃股票
8009,昱昕電子,2004-08-03,轉列興櫃股票
8010,宏廣,2004-08-03,轉列興櫃股票
8014,益和,2004-08-03,轉列興櫃股票
8011,台通光電,2004-08-03,未於93年8月3日轉列興櫃股票，終止其第二類股櫃檯買賣。
8012,台灣琭旦,2004-08-03,未於93年8月3日轉列興櫃股票，終止其第二類股櫃檯買賣。
6157,一等高科技,2004-07-26,
6115,鎰勝工業,2004-07-23,
6004,元大京華證券,2004-07-23,
5305,敦南科技,2004-07-23,
4404,百成行,2004-06-24,依本中心業務規則第12條之2第1項第4款、第14款規定(轉列管理股票)
4522,大寶精密工具,2004-05-31,主動申請下櫃
5534,長虹建設,2004-05-24,
6189,豐藝電子,2004-05-24,
6172,互億科技,2004-05-24,
6196,帆宣系統科技,2004-05-24,
5372,十美企業,2004-03-17,
8708,大中鋼鐵,2004-03-15,依本中心業務規則第13條之1第1項第9款規定
8721,尚鋒興業,2004-02-09,依本中心業務規則第13條之1第1項第9款規定
8723,順大裕,2004-01-19,依本中心業務規則第13條之1第1項第12款規定
4717,天泰,2003-11-17,主動申請下櫃
6141,柏承科技,2003-10-22,
5515,建國工程,2003-10-06,
6002,台育證券,2003-09-30,
5208,蔚華,2003-09-23,
8720,元富鋁業,2003-09-22,依本中心業務規則第13條之1第1項第9款規定
4526,東台精機,2003-09-15,
5401,第三波資訊股份有限公司,2003-09-08,依本中心業務規則第十二條之二第一項第十七款規定
8707,中精機,2003-09-03,依本中心業務規則第13條之1第1項第9款規定
8712,國產汽車,2003-09-03,依本中心業務規則第13條之1第1項第9款規定
8718,台灣工礦,2003-09-03,依本中心業務規則第13條之1第1項第9款規定
8719,宏福建設,2003-09-03,依本中心業務規則第13條之1第1項第9款規定
8710,易欣技術工程,2003-09-03,依本中心業務規則第13條之1第1項第9款規定
5702,統合開發,2003-08-27,主動申請下櫃
6133,金橋科技,2003-08-25,
5469,瀚宇博德,2003-08-25,
6168,宏齊科技,2003-08-25,
6136,富爾特,2003-08-25,
6117,迎廣,2003-08-25,
5434,崇越,2003-08-25,
6132,銳普電子,2003-08-25,
6139,亞翔工程,2003-08-25,
6145,勁永國際,2003-08-25,
5484,慧友電子,2003-08-25,
8926,台灣汽電共生,2003-08-25,
5471,松翰,2003-08-25,
5608,四維航業,2003-08-25,
6012,金鼎證券,2003-08-25,
5375,台灣慧智,2003-08-15,
6119,大傳,2003-08-04,
6165,捷泰精密,2003-08-04,
4532,瑞智精密,2003-08-04,
6112,聚碩科技,2003-08-04,
6142,友勁科技,2003-08-04,
5801,建弘投信,2003-07-31,
8002,資訊傳真,2003-07-14,依本中心業務規則第12條之3第1項第8款規定
4906,正文科技,2003-06-30,
8303,華登,2003-06-19,
6128,上福全球,2003-06-16,
5307,耀文,2003-05-22,轉列管理股票
8701,正豐化學,2003-04-28,依本中心業務規則第13條之1第1項第10款規定
8702,羽田機械,2003-04-28,依本中心業務規則第13條之1第1項第10款規定
8709,峰安金屬,2003-04-28,依本中心業務規則第13條之1第1項第10款規定
8713,延穎實業,2003-04-28,依本中心業務規則第13條之1第1項第10款規定
8714,紐新企業,2003-04-28,依本中心業務規則第13條之1第1項第10款規定
6010,台証證券,2002-12-31,
6003,大華證券,2002-11-08,
5496,德律科技,2002-10-29,
4531,巨庭機械,2002-10-29,
8007,商合行,2002-10-09,依本中心業務規則第12條之1第1項第4款規定
6006,元富證券,2002-09-16,
6011,寶來證券,2002-09-16,
6019,統一綜合證券,2002-09-16,
4516,正峰工業,2002-08-26,
4520,喬福機械工業,2002-08-26,
4718,日勝化工,2002-08-26,
4901,台灣大哥大,2002-08-26,
4902,星通資訊,2002-08-26,
5354,億聲電子,2002-08-26,
5393,揚智科技,2002-08-26,
5363,欣興電子,2002-08-26,
5404,智原科技,2002-08-26,
5421,盛達電業,2002-08-26,
5423,禾伸堂,2002-08-26,
5424,零壹科技,2002-08-26,
5447,建?,2002-08-26,
5451,奇普仕,2002-08-26,
5456,同開科技工程,2002-08-26,
5458,衛道科技,2002-08-26,
5459,文瞱科技,2002-08-26,
8939,新麗企業,2002-08-26,
4112,杏輝藥品工業,2002-08-26,
5461,增你強,2002-08-26,
5462,亞洲光學,2002-08-26,
5463,威健實業,2002-08-26,
5470,健鼎科技,2002-08-26,
5472,台灣晶技,2002-08-26,
5476,科風,2002-08-26,
5477,遠見科技,2002-08-26,
5479,宏傳電子,2002-08-26,
5482,訊舟,2002-08-26,
5485,威達電,2002-08-26,
5486,全台晶像,2002-08-26,
5495,佰鴻工業,2002-08-26,
5499,聯詠科技,2002-08-26,
5527,華固建設,2002-08-26,
5705,好樂迪,2002-08-26,
6102,偉訓科技,2002-08-26,
6106,信邦電子,2002-08-26,
5449,今皓實業,2002-07-22,
5453,華立企業,2002-07-22,
5448,維迪,2002-06-20,
5518,大日開發科技,2002-05-20,
6001,建弘證券,2002-05-09,
6018,新寶綜合證券,2002-04-01,
5602,長榮貨櫃,2002-03-25,
5817,日盛國際商業銀行,2002-02-05,
6014,日盛證券,2002-02-05,
5819,玉山票券金融,2002-01-28,
5332,旭龍精密工業,2002-01-24,
5502,龍田建設,2002-01-24,
8006,歐格電子工業,2002-01-23,
6009,永昌綜合證券,2001-12-19,
6007,富邦綜合證券,2001-12-19,
5504,信南建設,2001-12-19,
5513,德利開發科技,2001-12-03,
8711,大穎企業,2001-11-14,依本中心業務規則第13條之1第1項第4款規定
8717,瑞圓纖維,2001-10-22,依本中心業務規則第13條之1第1項第7款規定
5503,榮美開發科技,2001-10-15,
5412,華經資訊企業,2001-09-17,
5413,皇統光碟科技,2001-09-17,
5415,飛宏企業,2001-09-17,
5416,建通精密工業,2001-09-17,
5417,光群雷射科技,2001-09-17,
5418,敦陽科技,2001-09-17,
5419,連宇,2001-09-17,
5420,冠西電子企業,2001-09-17,
5422,強茂,2001-09-17,
5427,美隆電器廠,2001-09-17,
5428,訊碟科技,2001-09-17,
5429,和立聯合科技,2001-09-17,
5430,中華映管,2001-09-17,
5431,一詮精密工業,2001-09-17,
5433,義隆電子,2001-09-17,
5435,立隆電子工業,2001-09-17,
5437,力信興業,2001-09-17,
5440,漢平電子工業,2001-09-17,
5444,鉅祥企業,2001-09-17,
5445,盟立自動化,2001-09-17,
5446,台灣良得電子,2001-09-17,
5606,長榮航空,2001-09-17,
8920,信義房屋仲介,2001-09-17,
8922,裕融企業,2001-09-17,
4101,五鼎生物技術,2001-09-17,
4204,宏亞食品,2001-09-17,
4515,新企工程,2001-09-17,
4524,中宇環保工程,2001-09-17,
4525,和大工業,2001-09-17,
4701,美吾華,2001-09-17,
4713,毛寶,2001-09-17,
4715,花仙子企業,2001-09-17,
5012,允強實業,2001-09-17,
5335,華新科技,2001-09-17,
5378,友立資訊,2001-09-17,
5379,資通電腦,2001-09-17,
5389,麗臺科技,2001-09-17,
5394,百容電子,2001-09-17,
5396,大毅科技,2001-09-17,
5397,志聖工業,2001-09-17,
5399,敦吉科技,2001-09-17,
5402,研揚科技,2001-09-17,
5405,瑞軒科技,2001-09-17,
5406,思源科技,2001-09-17,
5407,品佳,2001-09-17,
5408,可成科技,2001-09-17,
5409,兆赫電子,2001-09-17,
5411,希華晶體科技,2001-09-17,
4403,東榮纖維工業,2001-09-03,
5441,聯友光電,2001-08-24,
5333,佳茂,2001-07-26,
8706,金緯纖維,2001-07-10,依本中心業務規則第13條之1第1項第7款規定
5008,長銘實業,2001-06-12,
8716,尖美建設開發,2001-05-29,依本中心業務規則第13條之1第1項第12款規定
8910,五洲製革,2001-04-25,
5526,昆泰營造廠,2001-04-25,
5313,皇旗資訊,2001-01-08,
5343,矽豐,2000-12-21,
8715,中強電子,2000-12-19,依本中心業務規則第13條之1第1項第12款規定
4412,弘裕,2000-10-31,
4405,本盟紡織,2000-10-27,
5322,偉詮,2000-09-11,
4301,永裕,2000-09-11,
4302,地球,2000-09-11,
4407,三洋紡織,2000-09-11,
5319,英誌,2000-09-11,
5341,承啟,2000-09-11,
5342,精技,2000-09-11,
5352,雅新,2000-09-11,
4409,恆大,2000-09-11,
4410,台南企業,2000-09-11,
4504,勤美,2000-09-11,
4507,錩新,2000-09-11,
4512,恩德,2000-09-11,
4514,樂士,2000-09-11,
4517,亞崴,2000-09-11,
4521,高林,2000-09-11,
4603,燦坤,2000-09-11,
4604,億泰,2000-09-11,
4607,榮星,2000-09-11,
4608,合機電線電纜,2000-09-11,
4705,元禎,2000-09-11,
4708,永記,2000-09-11,
4709,台灣中華化學,2000-09-11,
5003,新鋼,2000-09-11,
5004,新光鋼鐵,2000-09-11,
5005,佳大,2000-09-11,
4201,興泰,2000-09-11,
5323,聯昌,2000-09-11,
5327,圓剛科技,2000-09-11,
5337,隴華,2000-09-11,
5357,美律實業,2000-09-11,
5358,建準,2000-09-11,
5359,環隆,2000-09-11,
5360,統懋,2000-09-11,
5361,仲琦,2000-09-11,
5362,鼎元光電,2000-09-11,
5365,世平,2000-09-11,
5367,國聯光電,2000-09-11,
5368,旺詮,2000-09-11,
5370,台灣電路,2000-09-11,
5374,固緯,2000-09-11,
5377,興勤,2000-09-11,
5380,永兆精密,2000-09-11,
5382,三商電腦,2000-09-11,
5390,倚天,2000-09-11,
5311,新巨,2000-09-11,
5391,互盛,2000-09-11,
5509,根基營造,2000-09-11,
5517,皇翔,2000-09-11,
8903,全國加油站,2000-09-11,
8911,欣錩國際,2000-09-11,
8915,慶豐富,2000-09-11,
8918,成霖,2000-09-11,
8704,大業綜合工業,2000-07-31,依本中心業務規則第13條之1第1項第11款規定
6013,京華證券,2000-06-23,
4519,鑽全,2000-06-21,
5901,華豐橡膠,2000-05-08,
4606,大山,2000-03-30,
8914,欣高石油氣,2000-03-21,
5366,浩鑫,2000-03-17,
4509,漢唐訊聯,2000-03-14,
4411,首利實業,2000-03-06,
5002,住聯工業,2000-02-22,
5330,凌陽科技,2000-01-27,
5507,易欣技術工程,1999-12-27,轉列管理股票
8907,三粹企業,1999-12-27,
5369,映泰,1999-12-16,
5510,昌益建設,1999-12-15,
5350,精碟科技,1999-11-29,
5334,億光電子,1999-11-04,
5373,普立爾,1999-10-27,
5813,安泰銀行,1999-09-27,
5338,合勤科技,1999-08-12,
8901,秋雨印刷,1999-06-28,
5316,云辰電子,1999-06-15,
4704,泰銘實業,1999-03-12,
5339,世昕企業,1999-03-04,
5815,大眾銀行,1999-02-04,
4203,天仁茶業,1999-01-20,
5808,中興銀行,1999-01-08,
5812,遠東銀行,1998-11-27,
5320,台光電子,1998-11-27,
4505,耿鼎企業,1998-10-30,
5331,瑞昱,1998-10-26,
5805,台新銀行,1998-10-20,
5809,亞太銀行,1998-10-16,
5329,鴻運電子,1998-10-14,
5816,富邦銀行,1998-10-01,
5806,玉山銀行,1998-08-19,
5814,華信銀行,1998-06-29,
5804,萬泰銀行,1998-06-29,
5807,聯邦銀行,1998-06-29,
4202,正義食品,1997-10-02,
4602,三洋電機,1997-09-18,
5811,中華銀行,1997-09-03,
5802,萬通銀行,1997-05-23,
5803,大安銀行,1997-05-23,
5308,藍天電腦,1997-04-02,
4501,利奇機械,1995-11-14,
5303,精業,1995-09-23,
2327,國巨,1993-10-22,
1225,福懋油脂,1993-09-27,
2326,亞瑟科技,1993-08-27,
2108,南帝化工,1992-10-27,
